id;word;self_num;thumb_num;pic_url;thumb_lid
1;North Carolina Intelligent California;7930;76202;Checking Account;contingency Iraq actuating
2;copy Movies;44702;57126;Branding Manor Licensed Steel Shirt;Pizza
3;capacitor;18536;8891;virtual Bedfordshire Small Rubber Chair;Automotive
4;Avon Yen synthesizing;33750;10609;Ameliorated;Communications dynamic
5;Lesotho;3203;86438;Land Texas Home Loan Account;Ohio matrix
6;Pants Bacon transmitting;56036;89220;repurpose fuchsia;Practical Concrete Keyboard
7;backing up;32790;44379;1080p;Burgs
8;card Movies facilitate;85145;64831;Handcrafted Metal Chicken Intelligent Intelligent;HDD
9;Personal Loan Account Georgia Salad;9606;3412;payment Kansas;Shirt fuchsia
10;invoice;81980;31291;upward-trending;Sleek Wooden Salad sensor Lebanese Pound
