id;thumb_num;pic_url;thumb_lid
1;99499;communities partnerships;optimize solution Czech Koruna
2;90374;Village;Bolivia
3;95280;blue exploit Compatible;Avon capacitor
4;58281;generate Cambridgeshire;syndicate Internal Djibouti
5;66498;firmware Ergonomic heuristic;Wisconsin installation
6;67044;e-business facilitate;Legacy Wooden
7;33889;Lights Research;compressing end-to-end Awesome Cotton Mouse
8;90841;panel;system engine Health
9;17308;solutions New York Vision-oriented;Intranet withdrawal
10;79694;Associate;azure grey
